CB,shift,role,tier,loc,campus,date,time
CB001,20260518_5,CBCT,JUNIOR,NEAR_CS1,1,2026-05-18,18g15
CB001,20260525_5,CBCT,JUNIOR,NEAR_CS1,1,2026-05-25,18g15
CB001,20260530_2,CBCT,JUNIOR,NEAR_CS1,1,2026-05-30,09g30
CB001,20260530_3,CBCT,JUNIOR,NEAR_CS1,1,2026-05-30,13g00
CB001,20260531_2,CBCT,JUNIOR,NEAR_CS1,1,2026-05-31,09g30
CB001,20260531_3,CBCT,JUNIOR,NEAR_CS1,1,2026-05-31,13g00
CB001,20260605_2,CBCT,JUNIOR,NEAR_CS1,1,2026-06-05,09g30
CB001,20260605_3,CBCT,JUNIOR,NEAR_CS1,1,2026-06-05,13g00
CB001,20260605_4,CBCT,JUNIOR,NEAR_CS1,1,2026-06-05,15g30
CB001,20260608_3,CBCT,JUNIOR,NEAR_CS1,1,2026-06-08,13g00
CB001,20260613_1,CBCT,JUNIOR,NEAR_CS1,1,2026-06-13,07g00
CB002,20260518_5,CBCT,JUNIOR,NEAR_CS1,1,2026-05-18,18g15
CB002,20260522_5,CBCT,JUNIOR,NEAR_CS1,1,2026-05-22,18g15
CB002,20260523_3,CBCT,JUNIOR,NEAR_CS1,1,2026-05-23,13g00
CB002,20260525_5,CBCT,JUNIOR,NEAR_CS1,1,2026-05-25,18g15
CB002,20260527_5,CBCT,JUNIOR,NEAR_CS1,1,2026-05-27,18g15
CB002,20260530_3,CBCT,JUNIOR,NEAR_CS1,1,2026-05-30,13g00
CB002,20260531_2,CBCT,JUNIOR,NEAR_CS1,1,2026-05-31,09g30
CB002,20260602_5,CBCT,JUNIOR,NEAR_CS1,1,2026-06-02,18g15
CB002,20260608_2,CBCT,JUNIOR,NEAR_CS1,1,2026-06-08,09g30
CB002,20260608_3,CBCT,JUNIOR,NEAR_CS1,1,2026-06-08,13g00
CB002,20260613_1,CBCT,JUNIOR,NEAR_CS1,1,2026-06-13,07g00
CB003,20260519_5,CBCT,JUNIOR,BALANCED,1,2026-05-19,18g15
CB003,20260523_3,CBCT,JUNIOR,BALANCED,1,2026-05-23,13g00
CB003,20260526_5,CBCT,JUNIOR,BALANCED,1,2026-05-26,18g15
CB003,20260527_5,CBCT,JUNIOR,BALANCED,1,2026-05-27,18g15
CB003,20260601_2,CBCT,JUNIOR,BALANCED,2,2026-06-01,09g30
CB003,20260603_1,CBCT,JUNIOR,BALANCED,2,2026-06-03,07g00
CB003,20260603_2,CBCT,JUNIOR,BALANCED,2,2026-06-03,09g30
CB003,20260603_4,CBCT,JUNIOR,BALANCED,2,2026-06-03,15g30
CB003,20260608_2,CBCT,JUNIOR,BALANCED,1,2026-06-08,09g30
CB003,20260612_4,CBCT,JUNIOR,BALANCED,1,2026-06-12,15g30
CB003,20260613_3,CBCT,JUNIOR,BALANCED,2,2026-06-13,13g00
CB004,20260519_5,CBCT,JUNIOR,NEAR_CS1,1,2026-05-19,18g15
CB004,20260521_5,CBCT,JUNIOR,NEAR_CS1,1,2026-05-21,18g15
CB004,20260523_3,CBCT,JUNIOR,NEAR_CS1,1,2026-05-23,13g00
CB004,20260525_5,CBCT,JUNIOR,NEAR_CS1,1,2026-05-25,18g15
CB004,20260529_5,CBCT,JUNIOR,NEAR_CS1,1,2026-05-29,18g15
CB004,20260530_2,CBCT,JUNIOR,NEAR_CS1,1,2026-05-30,09g30
CB004,20260605_4,CBCT,JUNIOR,NEAR_CS1,1,2026-06-05,15g30
CB004,20260608_2,CBCT,JUNIOR,NEAR_CS1,1,2026-06-08,09g30
CB004,20260608_3,CBCT,JUNIOR,NEAR_CS1,1,2026-06-08,13g00
CB004,20260608_4,CBCT,JUNIOR,NEAR_CS1,1,2026-06-08,15g30
CB004,20260612_3,CBCT,JUNIOR,NEAR_CS1,1,2026-06-12,13g00
CB005,20260523_3,CBCT,MID,BALANCED,1,2026-05-23,13g00
CB005,20260526_5,CBCT,MID,BALANCED,1,2026-05-26,18g15
CB005,20260528_5,CBCT,MID,BALANCED,1,2026-05-28,18g15
CB005,20260601_5,CBCT,MID,BALANCED,1,2026-06-01,18g15
CB005,20260608_3,CBCT,MID,BALANCED,1,2026-06-08,13g00
CB005,20260610_3,CBCT,MID,BALANCED,2,2026-06-10,13g00
CB005,20260612_4,CBCT,MID,BALANCED,1,2026-06-12,15g30
CB005,20260613_2,CBCT,MID,BALANCED,2,2026-06-13,09g30
CB005,20260613_3,CBCT,MID,BALANCED,2,2026-06-13,13g00
CB005,20260613_4,CBCT,MID,BALANCED,2,2026-06-13,15g30
CB006,20260529_1,CBCT,MID,BALANCED,2,2026-05-29,07g00
CB006,20260531_2,CBCT,MID,BALANCED,1,2026-05-31,09g30
CB006,20260601_2,CBCT,MID,BALANCED,2,2026-06-01,09g30
CB006,20260603_2,CBCT,MID,BALANCED,2,2026-06-03,09g30
CB006,20260608_2,CBCT,MID,BALANCED,1,2026-06-08,09g30
CB006,20260608_3,CBCT,MID,BALANCED,1,2026-06-08,13g00
CB006,20260608_4,CBCT,MID,BALANCED,1,2026-06-08,15g30
CB006,20260609_3,CBCT,MID,BALANCED,2,2026-06-09,13g00
CB006,20260610_3,CBCT,MID,BALANCED,2,2026-06-10,13g00
CB006,20260612_1,CBCT,MID,BALANCED,1,2026-06-12,07g00
CB007,20260523_3,CBCT,MID,BALANCED,1,2026-05-23,13g00
CB007,20260528_3,TK,MID,BALANCED,2,2026-05-28,13g00
CB007,20260529_1,TK,MID,BALANCED,2,2026-05-29,07g00
CB007,20260602_2,CBCT,MID,BALANCED,2,2026-06-02,09g30
CB007,20260603_4,TK,MID,BALANCED,2,2026-06-03,15g30
CB007,20260608_2,CBCT,MID,BALANCED,1,2026-06-08,09g30
CB007,20260608_3,CBCT,MID,BALANCED,1,2026-06-08,13g00
CB007,20260609_2,CBCT,MID,BALANCED,2,2026-06-09,09g30
CB007,20260611_3,CBCT,MID,BALANCED,2,2026-06-11,13g00
CB007,20260613_4,CBCT,MID,BALANCED,2,2026-06-13,15g30
CB008,20260529_1,CBCT,JUNIOR,BALANCED,2,2026-05-29,07g00
CB008,20260601_2,CBCT,JUNIOR,BALANCED,2,2026-06-01,09g30
CB008,20260603_1,CBCT,JUNIOR,BALANCED,2,2026-06-03,07g00
CB008,20260603_2,CBCT,JUNIOR,BALANCED,2,2026-06-03,09g30
CB008,20260604_1,CBCT,JUNIOR,BALANCED,2,2026-06-04,07g00
CB008,20260609_2,CBCT,JUNIOR,BALANCED,2,2026-06-09,09g30
CB008,20260610_1,CBCT,JUNIOR,BALANCED,2,2026-06-10,07g00
CB008,20260612_1,CBCT,JUNIOR,BALANCED,1,2026-06-12,07g00
CB008,20260612_3,CBCT,JUNIOR,BALANCED,1,2026-06-12,13g00
CB008,20260612_4,CBCT,JUNIOR,BALANCED,1,2026-06-12,15g30
CB008,20260613_2,CBCT,JUNIOR,BALANCED,2,2026-06-13,09g30
CB009,20260525_2,CBCT,JUNIOR,BALANCED,2,2026-05-25,09g30
CB009,20260601_3,CBCT,JUNIOR,BALANCED,2,2026-06-01,13g00
CB009,20260603_1,CBCT,JUNIOR,BALANCED,2,2026-06-03,07g00
CB009,20260605_2,CBCT,JUNIOR,BALANCED,1,2026-06-05,09g30
CB009,20260609_2,CBCT,JUNIOR,BALANCED,2,2026-06-09,09g30
CB009,20260609_3,CBCT,JUNIOR,BALANCED,2,2026-06-09,13g00
CB009,20260610_3,CBCT,JUNIOR,BALANCED,2,2026-06-10,13g00
CB009,20260612_1,CBCT,JUNIOR,BALANCED,1,2026-06-12,07g00
CB009,20260612_3,CBCT,JUNIOR,BALANCED,1,2026-06-12,13g00
CB009,20260612_4,CBCT,JUNIOR,BALANCED,1,2026-06-12,15g30
CB009,20260613_4,CBCT,JUNIOR,BALANCED,2,2026-06-13,15g30
CB010,20260528_3,CHAIR,SENIOR,BALANCED,2,2026-05-28,13g00
CB010,20260528_4,CHAIR,SENIOR,BALANCED,1,2026-05-28,15g30
CB010,20260528_5,CHAIR,SENIOR,BALANCED,1,2026-05-28,18g15
CB010,20260601_2,CHAIR,SENIOR,BALANCED,2,2026-06-01,09g30
CB010,20260602_4,CHAIR,SENIOR,BALANCED,2,2026-06-02,15g30
CB010,20260612_3,CBCT,SENIOR,BALANCED,1,2026-06-12,13g00
CB011,20260528_1,CHAIR,SENIOR,BALANCED,1,2026-05-28,07g00
CB011,20260601_4,CHAIR,SENIOR,BALANCED,2,2026-06-01,15g30
CB011,20260602_3,CHAIR,SENIOR,BALANCED,2,2026-06-02,13g00
CB011,20260608_2,CBCT,SENIOR,BALANCED,1,2026-06-08,09g30
CB011,20260612_3,CBCT,SENIOR,BALANCED,1,2026-06-12,13g00
CB012,20260525_2,CBCT,JUNIOR,BALANCED,2,2026-05-25,09g30
CB012,20260528_3,CBCT,JUNIOR,BALANCED,2,2026-05-28,13g00
CB012,20260531_3,CBCT,JUNIOR,BALANCED,1,2026-05-31,13g00
CB012,20260602_2,CBCT,JUNIOR,BALANCED,2,2026-06-02,09g30
CB012,20260602_3,CBCT,JUNIOR,BALANCED,2,2026-06-02,13g00
CB012,20260603_3,CBCT,JUNIOR,BALANCED,2,2026-06-03,13g00
CB012,20260605_2,CBCT,JUNIOR,BALANCED,1,2026-06-05,09g30
CB012,20260605_3,CBCT,JUNIOR,BALANCED,1,2026-06-05,13g00
CB012,20260608_2,CBCT,JUNIOR,BALANCED,1,2026-06-08,09g30
CB012,20260610_3,CBCT,JUNIOR,BALANCED,2,2026-06-10,13g00
CB012,20260612_1,CBCT,JUNIOR,BALANCED,1,2026-06-12,07g00
CB013,20260602_2,CBCT,JUNIOR,BALANCED,2,2026-06-02,09g30
CB013,20260602_3,CBCT,JUNIOR,BALANCED,2,2026-06-02,13g00
CB013,20260603_1,CBCT,JUNIOR,BALANCED,2,2026-06-03,07g00
CB013,20260603_3,CBCT,JUNIOR,BALANCED,2,2026-06-03,13g00
CB013,20260603_4,CBCT,JUNIOR,BALANCED,2,2026-06-03,15g30
CB013,20260605_2,CBCT,JUNIOR,BALANCED,1,2026-06-05,09g30
CB013,20260609_2,CBCT,JUNIOR,BALANCED,2,2026-06-09,09g30
CB013,20260610_3,CBCT,JUNIOR,BALANCED,2,2026-06-10,13g00
CB013,20260612_1,CBCT,JUNIOR,BALANCED,1,2026-06-12,07g00
CB013,20260612_3,CBCT,JUNIOR,BALANCED,1,2026-06-12,13g00
CB013,20260612_4,CBCT,JUNIOR,BALANCED,1,2026-06-12,15g30
CB014,20260529_1,CBCT,JUNIOR,BALANCED,2,2026-05-29,07g00
CB014,20260601_2,CBCT,JUNIOR,BALANCED,2,2026-06-01,09g30
CB014,20260601_3,CBCT,JUNIOR,BALANCED,2,2026-06-01,13g00
CB014,20260603_1,CBCT,JUNIOR,BALANCED,2,2026-06-03,07g00
CB014,20260603_2,CBCT,JUNIOR,BALANCED,2,2026-06-03,09g30
CB014,20260604_1,CBCT,JUNIOR,BALANCED,2,2026-06-04,07g00
CB014,20260610_3,CBCT,JUNIOR,BALANCED,2,2026-06-10,13g00
CB014,20260612_1,CBCT,JUNIOR,BALANCED,1,2026-06-12,07g00
CB014,20260612_3,CBCT,JUNIOR,BALANCED,1,2026-06-12,13g00
CB014,20260612_4,CBCT,JUNIOR,BALANCED,1,2026-06-12,15g30
CB014,20260613_4,CBCT,JUNIOR,BALANCED,2,2026-06-13,15g30
CB015,20260525_2,CBCT,JUNIOR,BALANCED,2,2026-05-25,09g30
CB015,20260602_2,CBCT,JUNIOR,BALANCED,2,2026-06-02,09g30
CB015,20260602_3,CBCT,JUNIOR,BALANCED,2,2026-06-02,13g00
CB015,20260602_4,CBCT,JUNIOR,BALANCED,2,2026-06-02,15g30
CB015,20260603_3,CBCT,JUNIOR,BALANCED,2,2026-06-03,13g00
CB015,20260603_4,CBCT,JUNIOR,BALANCED,2,2026-06-03,15g30
CB015,20260605_2,CBCT,JUNIOR,BALANCED,1,2026-06-05,09g30
CB015,20260608_2,CBCT,JUNIOR,BALANCED,1,2026-06-08,09g30
CB015,20260610_3,CBCT,JUNIOR,BALANCED,2,2026-06-10,13g00
CB015,20260612_1,CBCT,JUNIOR,BALANCED,1,2026-06-12,07g00
CB015,20260612_3,CBCT,JUNIOR,BALANCED,1,2026-06-12,13g00
CB016,20260601_2,CBCT,MID,BALANCED,2,2026-06-01,09g30
CB016,20260602_2,CBCT,MID,BALANCED,2,2026-06-02,09g30
CB016,20260602_3,CBCT,MID,BALANCED,2,2026-06-02,13g00
CB016,20260604_2,TK,MID,BALANCED,2,2026-06-04,09g30
CB016,20260605_2,CBCT,MID,BALANCED,1,2026-06-05,09g30
CB016,20260605_3,CBCT,MID,BALANCED,1,2026-06-05,13g00
CB016,20260609_2,TK,MID,BALANCED,2,2026-06-09,09g30
CB016,20260610_3,TK,MID,BALANCED,2,2026-06-10,13g00
CB016,20260612_3,CBCT,MID,BALANCED,1,2026-06-12,13g00
CB016,20260613_3,CBCT,MID,BALANCED,2,2026-06-13,13g00
CB017,20260525_2,TK,MID,BALANCED,2,2026-05-25,09g30
CB017,20260602_3,CBCT,MID,BALANCED,2,2026-06-02,13g00
CB017,20260603_2,CBCT,MID,BALANCED,2,2026-06-03,09g30
CB017,20260603_3,CBCT,MID,BALANCED,2,2026-06-03,13g00
CB017,20260603_4,CBCT,MID,BALANCED,2,2026-06-03,15g30
CB017,20260605_2,CBCT,MID,BALANCED,1,2026-06-05,09g30
CB017,20260605_3,CBCT,MID,BALANCED,1,2026-06-05,13g00
CB017,20260608_3,CBCT,MID,BALANCED,1,2026-06-08,13g00
CB017,20260611_3,CBCT,MID,BALANCED,2,2026-06-11,13g00
CB017,20260613_2,CBCT,MID,BALANCED,2,2026-06-13,09g30
CB018,20260525_2,CBCT,JUNIOR,NEAR_CS2,2,2026-05-25,09g30
CB018,20260528_3,CBCT,JUNIOR,NEAR_CS2,2,2026-05-28,13g00
CB018,20260601_2,CBCT,JUNIOR,NEAR_CS2,2,2026-06-01,09g30
CB018,20260601_3,CBCT,JUNIOR,NEAR_CS2,2,2026-06-01,13g00
CB018,20260602_2,CBCT,JUNIOR,NEAR_CS2,2,2026-06-02,09g30
CB018,20260602_3,CBCT,JUNIOR,NEAR_CS2,2,2026-06-02,13g00
CB018,20260603_1,CBCT,JUNIOR,NEAR_CS2,2,2026-06-03,07g00
CB018,20260603_2,CBCT,JUNIOR,NEAR_CS2,2,2026-06-03,09g30
CB018,20260603_3,CBCT,JUNIOR,NEAR_CS2,2,2026-06-03,13g00
CB018,20260603_4,CBCT,JUNIOR,NEAR_CS2,2,2026-06-03,15g30
CB018,20260608_1,CBCT,JUNIOR,NEAR_CS2,2,2026-06-08,07g00
CB018,20260609_2,CBCT,JUNIOR,NEAR_CS2,2,2026-06-09,09g30
CB018,20260611_3,CBCT,JUNIOR,NEAR_CS2,2,2026-06-11,13g00
CB018,20260613_2,CBCT,JUNIOR,NEAR_CS2,2,2026-06-13,09g30
CB018,20260613_3,CBCT,JUNIOR,NEAR_CS2,2,2026-06-13,13g00
CB018,20260613_4,CBCT,JUNIOR,NEAR_CS2,2,2026-06-13,15g30
CB019,20260525_2,CBCT,JUNIOR,NEAR_CS2,2,2026-05-25,09g30
CB019,20260528_3,CBCT,JUNIOR,NEAR_CS2,2,2026-05-28,13g00
CB019,20260529_1,CBCT,JUNIOR,NEAR_CS2,2,2026-05-29,07g00
CB019,20260601_2,CBCT,JUNIOR,NEAR_CS2,2,2026-06-01,09g30
CB019,20260601_3,CBCT,JUNIOR,NEAR_CS2,2,2026-06-01,13g00
CB019,20260602_2,CBCT,JUNIOR,NEAR_CS2,2,2026-06-02,09g30
CB019,20260603_2,CBCT,JUNIOR,NEAR_CS2,2,2026-06-03,09g30
CB019,20260603_3,CBCT,JUNIOR,NEAR_CS2,2,2026-06-03,13g00
CB019,20260603_4,CBCT,JUNIOR,NEAR_CS2,2,2026-06-03,15g30
CB019,20260609_2,CBCT,JUNIOR,NEAR_CS2,2,2026-06-09,09g30
CB019,20260611_3,CBCT,JUNIOR,NEAR_CS2,2,2026-06-11,13g00
CB020,20260525_2,CBCT,MID,BALANCED,2,2026-05-25,09g30
CB020,20260529_1,CBCT,MID,BALANCED,2,2026-05-29,07g00
CB020,20260601_2,CBCT,MID,BALANCED,2,2026-06-01,09g30
CB020,20260603_2,CBCT,MID,BALANCED,2,2026-06-03,09g30
CB020,20260605_3,CBCT,MID,BALANCED,1,2026-06-05,13g00
CB020,20260608_2,CBCT,MID,BALANCED,1,2026-06-08,09g30
CB020,20260608_3,CBCT,MID,BALANCED,1,2026-06-08,13g00
CB020,20260609_2,TK,MID,BALANCED,2,2026-06-09,09g30
CB020,20260611_3,CBCT,MID,BALANCED,2,2026-06-11,13g00
CB020,20260613_3,CBCT,MID,BALANCED,2,2026-06-13,13g00
CB021,20260601_2,CBCT,JUNIOR,BALANCED,2,2026-06-01,09g30
CB021,20260602_2,CBCT,JUNIOR,BALANCED,2,2026-06-02,09g30
CB021,20260602_3,CBCT,JUNIOR,BALANCED,2,2026-06-02,13g00
CB021,20260603_4,CBCT,JUNIOR,BALANCED,2,2026-06-03,15g30
CB021,20260605_2,CBCT,JUNIOR,BALANCED,1,2026-06-05,09g30
CB021,20260608_3,CBCT,JUNIOR,BALANCED,1,2026-06-08,13g00
CB021,20260610_3,CBCT,JUNIOR,BALANCED,2,2026-06-10,13g00
CB021,20260612_1,CBCT,JUNIOR,BALANCED,1,2026-06-12,07g00
CB021,20260612_3,CBCT,JUNIOR,BALANCED,1,2026-06-12,13g00
CB021,20260613_4,CBCT,JUNIOR,BALANCED,2,2026-06-13,15g30
CB022,20260529_1,CBCT,JUNIOR,BALANCED,2,2026-05-29,07g00
CB022,20260602_3,CBCT,JUNIOR,BALANCED,2,2026-06-02,13g00
CB022,20260603_1,CBCT,JUNIOR,BALANCED,2,2026-06-03,07g00
CB022,20260603_2,CBCT,JUNIOR,BALANCED,2,2026-06-03,09g30
CB022,20260603_3,CBCT,JUNIOR,BALANCED,2,2026-06-03,13g00
CB022,20260603_4,CBCT,JUNIOR,BALANCED,2,2026-06-03,15g30
CB022,20260605_3,CBCT,JUNIOR,BALANCED,1,2026-06-05,13g00
CB022,20260609_2,CBCT,JUNIOR,BALANCED,2,2026-06-09,09g30
CB022,20260611_3,CBCT,JUNIOR,BALANCED,2,2026-06-11,13g00
CB022,20260612_1,CBCT,JUNIOR,BALANCED,1,2026-06-12,07g00
CB022,20260612_3,CBCT,JUNIOR,BALANCED,1,2026-06-12,13g00
CB023,20260525_2,CBCT,JUNIOR,BALANCED,2,2026-05-25,09g30
CB023,20260601_3,CBCT,JUNIOR,BALANCED,2,2026-06-01,13g00
CB023,20260602_2,CBCT,JUNIOR,BALANCED,2,2026-06-02,09g30
CB023,20260602_3,CBCT,JUNIOR,BALANCED,2,2026-06-02,13g00
CB023,20260602_4,CBCT,JUNIOR,BALANCED,2,2026-06-02,15g30
CB023,20260603_3,CBCT,JUNIOR,BALANCED,2,2026-06-03,13g00
CB023,20260605_2,CBCT,JUNIOR,BALANCED,1,2026-06-05,09g30
CB023,20260608_2,CBCT,JUNIOR,BALANCED,1,2026-06-08,09g30
CB023,20260608_3,CBCT,JUNIOR,BALANCED,1,2026-06-08,13g00
CB023,20260610_3,CBCT,JUNIOR,BALANCED,2,2026-06-10,13g00
CB023,20260612_3,CBCT,JUNIOR,BALANCED,1,2026-06-12,13g00
CB024,20260525_2,CBCT,MID,BALANCED,2,2026-05-25,09g30
CB024,20260602_2,CBCT,MID,BALANCED,2,2026-06-02,09g30
CB024,20260603_4,CBCT,MID,BALANCED,2,2026-06-03,15g30
CB024,20260605_2,CBCT,MID,BALANCED,1,2026-06-05,09g30
CB024,20260608_2,CBCT,MID,BALANCED,1,2026-06-08,09g30
CB024,20260609_2,CBCT,MID,BALANCED,2,2026-06-09,09g30
CB024,20260611_3,TK,MID,BALANCED,2,2026-06-11,13g00
CB024,20260612_1,CBCT,MID,BALANCED,1,2026-06-12,07g00
CB024,20260612_3,CBCT,MID,BALANCED,1,2026-06-12,13g00
CB024,20260612_4,CBCT,MID,BALANCED,1,2026-06-12,15g30
CB025,20260525_2,CBCT,MID,NEAR_CS2,2,2026-05-25,09g30
CB025,20260527_2,TK,MID,NEAR_CS2,2,2026-05-27,09g30
CB025,20260602_2,CBCT,MID,NEAR_CS2,2,2026-06-02,09g30
CB025,20260602_3,CBCT,MID,NEAR_CS2,2,2026-06-02,13g00
CB025,20260603_1,CBCT,MID,NEAR_CS2,2,2026-06-03,07g00
CB025,20260603_2,CBCT,MID,NEAR_CS2,2,2026-06-03,09g30
CB025,20260603_3,CBCT,MID,NEAR_CS2,2,2026-06-03,13g00
CB025,20260603_4,CBCT,MID,NEAR_CS2,2,2026-06-03,15g30
CB025,20260604_2,TK,MID,NEAR_CS2,2,2026-06-04,09g30
CB025,20260609_2,TK,MID,NEAR_CS2,2,2026-06-09,09g30
CB025,20260609_3,CBCT,MID,NEAR_CS2,2,2026-06-09,13g00
CB025,20260609_4,CBCT,MID,NEAR_CS2,2,2026-06-09,15g30
CB025,20260610_3,CBCT,MID,NEAR_CS2,2,2026-06-10,13g00
CB025,20260611_3,CBCT,MID,NEAR_CS2,2,2026-06-11,13g00
CB025,20260613_3,CBCT,MID,NEAR_CS2,2,2026-06-13,13g00
CB026,20260527_2,TK,MID,BALANCED,2,2026-05-27,09g30
CB026,20260528_3,CBCT,MID,BALANCED,2,2026-05-28,13g00
CB026,20260602_3,CBCT,MID,BALANCED,2,2026-06-02,13g00
CB026,20260603_1,CBCT,MID,BALANCED,2,2026-06-03,07g00
CB026,20260603_2,CBCT,MID,BALANCED,2,2026-06-03,09g30
CB026,20260603_3,TK,MID,BALANCED,2,2026-06-03,13g00
CB026,20260605_2,CBCT,MID,BALANCED,1,2026-06-05,09g30
CB026,20260608_2,CBCT,MID,BALANCED,1,2026-06-08,09g30
CB026,20260608_3,CBCT,MID,BALANCED,1,2026-06-08,13g00
CB026,20260611_3,CBCT,MID,BALANCED,2,2026-06-11,13g00
CB027,20260527_4,CHAIR,SENIOR,BALANCED,1,2026-05-27,15g30
CB027,20260529_3,CHAIR,SENIOR,BALANCED,1,2026-05-29,13g00
CB027,20260602_1,CHAIR,SENIOR,BALANCED,2,2026-06-02,07g00
CB027,20260602_2,CHAIR,SENIOR,BALANCED,2,2026-06-02,09g30
CB027,20260608_2,CBCT,SENIOR,BALANCED,1,2026-06-08,09g30
CB028,20260527_5,CHAIR,SENIOR,BALANCED,1,2026-05-27,18g15
CB028,20260529_2,CHAIR,SENIOR,BALANCED,1,2026-05-29,09g30
CB028,20260601_1,CHAIR,SENIOR,BALANCED,2,2026-06-01,07g00
CB028,20260605_3,CBCT,SENIOR,BALANCED,1,2026-06-05,13g00
CB028,20260612_4,CBCT,SENIOR,BALANCED,1,2026-06-12,15g30
CB029,20260528_2,CHAIR,SENIOR,BALANCED,1,2026-05-28,09g30
CB029,20260529_1,CHAIR,SENIOR,BALANCED,2,2026-05-29,07g00
CB029,20260601_3,CHAIR,SENIOR,BALANCED,2,2026-06-01,13g00
CB029,20260605_3,CBCT,SENIOR,BALANCED,1,2026-06-05,13g00
CB029,20260612_3,CBCT,SENIOR,BALANCED,1,2026-06-12,13g00
CB030,20260528_3,CBCT,JUNIOR,NEAR_CS2,2,2026-05-28,13g00
CB030,20260601_3,CBCT,JUNIOR,NEAR_CS2,2,2026-06-01,13g00
CB030,20260602_2,CBCT,JUNIOR,NEAR_CS2,2,2026-06-02,09g30
CB030,20260602_3,CBCT,JUNIOR,NEAR_CS2,2,2026-06-02,13g00
CB030,20260602_4,CBCT,JUNIOR,NEAR_CS2,2,2026-06-02,15g30
CB030,20260603_1,CBCT,JUNIOR,NEAR_CS2,2,2026-06-03,07g00
CB030,20260603_2,CBCT,JUNIOR,NEAR_CS2,2,2026-06-03,09g30
CB030,20260603_3,CBCT,JUNIOR,NEAR_CS2,2,2026-06-03,13g00
CB030,20260610_3,CBCT,JUNIOR,NEAR_CS2,2,2026-06-10,13g00
CB030,20260611_3,CBCT,JUNIOR,NEAR_CS2,2,2026-06-11,13g00
CB030,20260613_2,CBCT,JUNIOR,NEAR_CS2,2,2026-06-13,09g30
CB031,20260528_3,CBCT,JUNIOR,BALANCED,2,2026-05-28,13g00
CB031,20260602_2,CBCT,JUNIOR,BALANCED,2,2026-06-02,09g30
CB031,20260602_3,CBCT,JUNIOR,BALANCED,2,2026-06-02,13g00
CB031,20260602_4,CBCT,JUNIOR,BALANCED,2,2026-06-02,15g30
CB031,20260603_4,CBCT,JUNIOR,BALANCED,2,2026-06-03,15g30
CB031,20260605_2,CBCT,JUNIOR,BALANCED,1,2026-06-05,09g30
CB031,20260609_3,CBCT,JUNIOR,BALANCED,2,2026-06-09,13g00
CB031,20260612_1,CBCT,JUNIOR,BALANCED,1,2026-06-12,07g00
CB031,20260612_2,CBCT,JUNIOR,BALANCED,1,2026-06-12,09g30
CB031,20260612_3,CBCT,JUNIOR,BALANCED,1,2026-06-12,13g00
CB031,20260612_4,CBCT,JUNIOR,BALANCED,1,2026-06-12,15g30
CB032,20260528_3,CBCT,MID,BALANCED,2,2026-05-28,13g00
CB032,20260601_2,CBCT,MID,BALANCED,2,2026-06-01,09g30
CB032,20260601_3,CBCT,MID,BALANCED,2,2026-06-01,13g00
CB032,20260602_2,CBCT,MID,BALANCED,2,2026-06-02,09g30
CB032,20260604_2,TK,MID,BALANCED,2,2026-06-04,09g30
CB032,20260605_3,CBCT,MID,BALANCED,1,2026-06-05,13g00
CB032,20260608_2,CBCT,MID,BALANCED,1,2026-06-08,09g30
CB032,20260608_3,CBCT,MID,BALANCED,1,2026-06-08,13g00
CB032,20260611_3,CBCT,MID,BALANCED,2,2026-06-11,13g00
CB032,20260612_3,CBCT,MID,BALANCED,1,2026-06-12,13g00
CB033,20260528_3,CBCT,JUNIOR,BALANCED,2,2026-05-28,13g00
CB033,20260602_2,CBCT,JUNIOR,BALANCED,2,2026-06-02,09g30
CB033,20260602_3,CBCT,JUNIOR,BALANCED,2,2026-06-02,13g00
CB033,20260602_4,CBCT,JUNIOR,BALANCED,2,2026-06-02,15g30
CB033,20260603_1,CBCT,JUNIOR,BALANCED,2,2026-06-03,07g00
CB033,20260603_3,CBCT,JUNIOR,BALANCED,2,2026-06-03,13g00
CB033,20260603_4,CBCT,JUNIOR,BALANCED,2,2026-06-03,15g30
CB033,20260605_2,CBCT,JUNIOR,BALANCED,1,2026-06-05,09g30
CB033,20260608_2,CBCT,JUNIOR,BALANCED,1,2026-06-08,09g30
CB033,20260609_3,CBCT,JUNIOR,BALANCED,2,2026-06-09,13g00
CB033,20260611_3,CBCT,JUNIOR,BALANCED,2,2026-06-11,13g00
CB034,20260528_3,CBCT,JUNIOR,BALANCED,2,2026-05-28,13g00
CB034,20260602_2,CBCT,JUNIOR,BALANCED,2,2026-06-02,09g30
CB034,20260602_3,CBCT,JUNIOR,BALANCED,2,2026-06-02,13g00
CB034,20260602_4,CBCT,JUNIOR,BALANCED,2,2026-06-02,15g30
CB034,20260603_3,CBCT,JUNIOR,BALANCED,2,2026-06-03,13g00
CB034,20260605_2,CBCT,JUNIOR,BALANCED,1,2026-06-05,09g30
CB034,20260609_2,CBCT,JUNIOR,BALANCED,2,2026-06-09,09g30
CB034,20260609_3,CBCT,JUNIOR,BALANCED,2,2026-06-09,13g00
CB034,20260611_3,CBCT,JUNIOR,BALANCED,2,2026-06-11,13g00
CB034,20260613_3,CBCT,JUNIOR,BALANCED,2,2026-06-13,13g00
CB034,20260613_4,CBCT,JUNIOR,BALANCED,2,2026-06-13,15g30
CB035,20260602_2,CBCT,JUNIOR,BALANCED,2,2026-06-02,09g30
CB035,20260602_3,CBCT,JUNIOR,BALANCED,2,2026-06-02,13g00
CB035,20260602_4,CBCT,JUNIOR,BALANCED,2,2026-06-02,15g30
CB035,20260603_3,CBCT,JUNIOR,BALANCED,2,2026-06-03,13g00
CB035,20260605_2,CBCT,JUNIOR,BALANCED,1,2026-06-05,09g30
CB035,20260605_3,CBCT,JUNIOR,BALANCED,1,2026-06-05,13g00
CB035,20260605_4,CBCT,JUNIOR,BALANCED,1,2026-06-05,15g30
CB035,20260608_2,CBCT,JUNIOR,BALANCED,1,2026-06-08,09g30
CB035,20260608_3,CBCT,JUNIOR,BALANCED,1,2026-06-08,13g00
CB035,20260610_3,CBCT,JUNIOR,BALANCED,2,2026-06-10,13g00
CB035,20260612_3,CBCT,JUNIOR,BALANCED,1,2026-06-12,13g00
CB036,20260602_2,CBCT,JUNIOR,BALANCED,2,2026-06-02,09g30
CB036,20260602_3,CBCT,JUNIOR,BALANCED,2,2026-06-02,13g00
CB036,20260602_4,CBCT,JUNIOR,BALANCED,2,2026-06-02,15g30
CB036,20260603_1,CBCT,JUNIOR,BALANCED,2,2026-06-03,07g00
CB036,20260603_3,CBCT,JUNIOR,BALANCED,2,2026-06-03,13g00
CB036,20260603_4,CBCT,JUNIOR,BALANCED,2,2026-06-03,15g30
CB036,20260605_3,CBCT,JUNIOR,BALANCED,1,2026-06-05,13g00
CB036,20260608_3,CBCT,JUNIOR,BALANCED,1,2026-06-08,13g00
CB036,20260612_1,CBCT,JUNIOR,BALANCED,1,2026-06-12,07g00
CB036,20260612_3,CBCT,JUNIOR,BALANCED,1,2026-06-12,13g00
CB036,20260612_4,CBCT,JUNIOR,BALANCED,1,2026-06-12,15g30
CB037,20260528_3,CBCT,JUNIOR,BALANCED,2,2026-05-28,13g00
CB037,20260601_3,CBCT,JUNIOR,BALANCED,2,2026-06-01,13g00
CB037,20260602_2,CBCT,JUNIOR,BALANCED,2,2026-06-02,09g30
CB037,20260602_3,CBCT,JUNIOR,BALANCED,2,2026-06-02,13g00
CB037,20260602_4,CBCT,JUNIOR,BALANCED,2,2026-06-02,15g30
CB037,20260605_3,CBCT,JUNIOR,BALANCED,1,2026-06-05,13g00
CB037,20260608_2,CBCT,JUNIOR,BALANCED,1,2026-06-08,09g30
CB037,20260608_3,CBCT,JUNIOR,BALANCED,1,2026-06-08,13g00
CB037,20260610_3,CBCT,JUNIOR,BALANCED,2,2026-06-10,13g00
CB037,20260611_3,CBCT,JUNIOR,BALANCED,2,2026-06-11,13g00
CB037,20260612_1,CBCT,JUNIOR,BALANCED,1,2026-06-12,07g00
CB038,20260528_3,CBCT,JUNIOR,NEAR_CS2,2,2026-05-28,13g00
CB038,20260529_1,CBCT,JUNIOR,NEAR_CS2,2,2026-05-29,07g00
CB038,20260601_3,CBCT,JUNIOR,NEAR_CS2,2,2026-06-01,13g00
CB038,20260602_2,CBCT,JUNIOR,NEAR_CS2,2,2026-06-02,09g30
CB038,20260602_3,CBCT,JUNIOR,NEAR_CS2,2,2026-06-02,13g00
CB038,20260602_4,CBCT,JUNIOR,NEAR_CS2,2,2026-06-02,15g30
CB038,20260603_2,CBCT,JUNIOR,NEAR_CS2,2,2026-06-03,09g30
CB038,20260603_3,CBCT,JUNIOR,NEAR_CS2,2,2026-06-03,13g00
CB038,20260603_4,CBCT,JUNIOR,NEAR_CS2,2,2026-06-03,15g30
CB038,20260604_1,CBCT,JUNIOR,NEAR_CS2,2,2026-06-04,07g00
CB038,20260609_2,CBCT,JUNIOR,NEAR_CS2,2,2026-06-09,09g30
CB038,20260610_3,CBCT,JUNIOR,NEAR_CS2,2,2026-06-10,13g00
CB039,20260528_3,CBCT,MID,NEAR_CS2,2,2026-05-28,13g00
CB039,20260529_1,CBCT,MID,NEAR_CS2,2,2026-05-29,07g00
CB039,20260601_2,CBCT,MID,NEAR_CS2,2,2026-06-01,09g30
CB039,20260601_3,CBCT,MID,NEAR_CS2,2,2026-06-01,13g00
CB039,20260603_1,CBCT,MID,NEAR_CS2,2,2026-06-03,07g00
CB039,20260603_2,CBCT,MID,NEAR_CS2,2,2026-06-03,09g30
CB039,20260603_3,CBCT,MID,NEAR_CS2,2,2026-06-03,13g00
CB039,20260603_4,CBCT,MID,NEAR_CS2,2,2026-06-03,15g30
CB039,20260604_2,TK,MID,NEAR_CS2,2,2026-06-04,09g30
CB039,20260609_2,TK,MID,NEAR_CS2,2,2026-06-09,09g30
CB039,20260609_3,CBCT,MID,NEAR_CS2,2,2026-06-09,13g00
CB039,20260611_3,CBCT,MID,NEAR_CS2,2,2026-06-11,13g00
CB040,20260528_3,TK,MID,BALANCED,2,2026-05-28,13g00
CB040,20260602_2,TK,MID,BALANCED,2,2026-06-02,09g30
CB040,20260602_3,CBCT,MID,BALANCED,2,2026-06-02,13g00
CB040,20260603_3,CBCT,MID,BALANCED,2,2026-06-03,13g00
CB040,20260605_2,CBCT,MID,BALANCED,1,2026-06-05,09g30
CB040,20260608_2,CBCT,MID,BALANCED,1,2026-06-08,09g30
CB040,20260608_3,CBCT,MID,BALANCED,1,2026-06-08,13g00
CB040,20260609_2,TK,MID,BALANCED,2,2026-06-09,09g30
CB040,20260611_3,CBCT,MID,BALANCED,2,2026-06-11,13g00
CB040,20260612_1,CBCT,MID,BALANCED,1,2026-06-12,07g00
CB041,20260529_1,CBCT,JUNIOR,NEAR_CS2,2,2026-05-29,07g00
CB041,20260601_2,CBCT,JUNIOR,NEAR_CS2,2,2026-06-01,09g30
CB041,20260601_3,CBCT,JUNIOR,NEAR_CS2,2,2026-06-01,13g00
CB041,20260603_1,CBCT,JUNIOR,NEAR_CS2,2,2026-06-03,07g00
CB041,20260603_2,CBCT,JUNIOR,NEAR_CS2,2,2026-06-03,09g30
CB041,20260603_3,CBCT,JUNIOR,NEAR_CS2,2,2026-06-03,13g00
CB041,20260604_1,CBCT,JUNIOR,NEAR_CS2,2,2026-06-04,07g00
CB041,20260604_2,CBCT,JUNIOR,NEAR_CS2,2,2026-06-04,09g30
CB041,20260609_2,CBCT,JUNIOR,NEAR_CS2,2,2026-06-09,09g30
CB041,20260610_3,CBCT,JUNIOR,NEAR_CS2,2,2026-06-10,13g00
CB041,20260611_3,CBCT,JUNIOR,NEAR_CS2,2,2026-06-11,13g00
CB042,20260602_2,CBCT,MID,BALANCED,2,2026-06-02,09g30
CB042,20260602_3,CBCT,MID,BALANCED,2,2026-06-02,13g00
CB042,20260602_4,TK,MID,BALANCED,2,2026-06-02,15g30
CB042,20260604_1,CBCT,MID,BALANCED,2,2026-06-04,07g00
CB042,20260604_2,TK,MID,BALANCED,2,2026-06-04,09g30
CB042,20260604_3,TK,MID,BALANCED,2,2026-06-04,13g00
CB042,20260608_2,CBCT,MID,BALANCED,1,2026-06-08,09g30
CB042,20260608_3,CBCT,MID,BALANCED,1,2026-06-08,13g00
CB042,20260609_3,CBCT,MID,BALANCED,2,2026-06-09,13g00
CB042,20260612_1,CBCT,MID,BALANCED,1,2026-06-12,07g00
CB043,20260529_1,CBCT,JUNIOR,BALANCED,2,2026-05-29,07g00
CB043,20260601_2,CBCT,JUNIOR,BALANCED,2,2026-06-01,09g30
CB043,20260601_3,CBCT,JUNIOR,BALANCED,2,2026-06-01,13g00
CB043,20260603_1,CBCT,JUNIOR,BALANCED,2,2026-06-03,07g00
CB043,20260603_2,CBCT,JUNIOR,BALANCED,2,2026-06-03,09g30
CB043,20260605_2,CBCT,JUNIOR,BALANCED,1,2026-06-05,09g30
CB043,20260608_2,CBCT,JUNIOR,BALANCED,1,2026-06-08,09g30
CB043,20260608_3,CBCT,JUNIOR,BALANCED,1,2026-06-08,13g00
CB043,20260610_3,CBCT,JUNIOR,BALANCED,2,2026-06-10,13g00
CB043,20260611_3,CBCT,JUNIOR,BALANCED,2,2026-06-11,13g00
CB044,20260529_1,CBCT,JUNIOR,BALANCED,2,2026-05-29,07g00
CB044,20260601_2,CBCT,JUNIOR,BALANCED,2,2026-06-01,09g30
CB044,20260601_3,CBCT,JUNIOR,BALANCED,2,2026-06-01,13g00
CB044,20260602_2,CBCT,JUNIOR,BALANCED,2,2026-06-02,09g30
CB044,20260603_3,CBCT,JUNIOR,BALANCED,2,2026-06-03,13g00
CB044,20260605_2,CBCT,JUNIOR,BALANCED,1,2026-06-05,09g30
CB044,20260608_2,CBCT,JUNIOR,BALANCED,1,2026-06-08,09g30
CB044,20260608_3,CBCT,JUNIOR,BALANCED,1,2026-06-08,13g00
CB044,20260610_3,CBCT,JUNIOR,BALANCED,2,2026-06-10,13g00
CB044,20260611_3,CBCT,JUNIOR,BALANCED,2,2026-06-11,13g00
CB044,20260613_3,CBCT,JUNIOR,BALANCED,2,2026-06-13,13g00
CB045,20260529_1,CBCT,JUNIOR,BALANCED,2,2026-05-29,07g00
CB045,20260602_2,CBCT,JUNIOR,BALANCED,2,2026-06-02,09g30
CB045,20260602_3,CBCT,JUNIOR,BALANCED,2,2026-06-02,13g00
CB045,20260602_4,CBCT,JUNIOR,BALANCED,2,2026-06-02,15g30
CB045,20260603_3,CBCT,JUNIOR,BALANCED,2,2026-06-03,13g00
CB045,20260605_2,CBCT,JUNIOR,BALANCED,1,2026-06-05,09g30
CB045,20260605_3,CBCT,JUNIOR,BALANCED,1,2026-06-05,13g00
CB045,20260608_2,CBCT,JUNIOR,BALANCED,1,2026-06-08,09g30
CB045,20260608_3,CBCT,JUNIOR,BALANCED,1,2026-06-08,13g00
CB045,20260611_3,CBCT,JUNIOR,BALANCED,2,2026-06-11,13g00
CB045,20260612_4,CBCT,JUNIOR,BALANCED,1,2026-06-12,15g30
CB046,20260525_2,CBCT,JUNIOR,BALANCED,2,2026-05-25,09g30
CB046,20260529_1,CBCT,JUNIOR,BALANCED,2,2026-05-29,07g00
CB046,20260601_2,CBCT,JUNIOR,BALANCED,2,2026-06-01,09g30
CB046,20260601_3,CBCT,JUNIOR,BALANCED,2,2026-06-01,13g00
CB046,20260603_2,CBCT,JUNIOR,BALANCED,2,2026-06-03,09g30
CB046,20260605_3,CBCT,JUNIOR,BALANCED,1,2026-06-05,13g00
CB046,20260609_2,CBCT,JUNIOR,BALANCED,2,2026-06-09,09g30
CB046,20260610_3,CBCT,JUNIOR,BALANCED,2,2026-06-10,13g00
CB046,20260612_1,CBCT,JUNIOR,BALANCED,1,2026-06-12,07g00
CB046,20260612_3,CBCT,JUNIOR,BALANCED,1,2026-06-12,13g00
CB046,20260612_4,CBCT,JUNIOR,BALANCED,1,2026-06-12,15g30
CB047,20260529_1,CBCT,MID,BALANCED,2,2026-05-29,07g00
CB047,20260602_2,CBCT,MID,BALANCED,2,2026-06-02,09g30
CB047,20260603_4,CBCT,MID,BALANCED,2,2026-06-03,15g30
CB047,20260605_2,CBCT,MID,BALANCED,1,2026-06-05,09g30
CB047,20260608_2,CBCT,MID,BALANCED,1,2026-06-08,09g30
CB047,20260609_2,CBCT,MID,BALANCED,2,2026-06-09,09g30
CB047,20260611_3,CBCT,MID,BALANCED,2,2026-06-11,13g00
CB047,20260612_1,CBCT,MID,BALANCED,1,2026-06-12,07g00
CB047,20260612_3,CBCT,MID,BALANCED,1,2026-06-12,13g00
CB047,20260612_4,CBCT,MID,BALANCED,1,2026-06-12,15g30
CB048,20260529_1,CBCT,JUNIOR,NEAR_CS2,2,2026-05-29,07g00
CB048,20260601_2,CBCT,JUNIOR,NEAR_CS2,2,2026-06-01,09g30
CB048,20260601_3,CBCT,JUNIOR,NEAR_CS2,2,2026-06-01,13g00
CB048,20260603_1,CBCT,JUNIOR,NEAR_CS2,2,2026-06-03,07g00
CB048,20260603_2,CBCT,JUNIOR,NEAR_CS2,2,2026-06-03,09g30
CB048,20260603_4,CBCT,JUNIOR,NEAR_CS2,2,2026-06-03,15g30
CB048,20260604_1,CBCT,JUNIOR,NEAR_CS2,2,2026-06-04,07g00
CB048,20260609_2,CBCT,JUNIOR,NEAR_CS2,2,2026-06-09,09g30
CB048,20260609_3,CBCT,JUNIOR,NEAR_CS2,2,2026-06-09,13g00
CB048,20260611_3,CBCT,JUNIOR,NEAR_CS2,2,2026-06-11,13g00
CB048,20260613_3,CBCT,JUNIOR,NEAR_CS2,2,2026-06-13,13g00
CB049,20260525_2,CBCT,JUNIOR,BALANCED,2,2026-05-25,09g30
CB049,20260529_1,CBCT,JUNIOR,BALANCED,2,2026-05-29,07g00
CB049,20260601_2,CBCT,JUNIOR,BALANCED,2,2026-06-01,09g30
CB049,20260602_3,CBCT,JUNIOR,BALANCED,2,2026-06-02,13g00
CB049,20260604_2,CBCT,JUNIOR,BALANCED,2,2026-06-04,09g30
CB049,20260605_3,CBCT,JUNIOR,BALANCED,1,2026-06-05,13g00
CB049,20260609_2,CBCT,JUNIOR,BALANCED,2,2026-06-09,09g30
CB049,20260609_3,CBCT,JUNIOR,BALANCED,2,2026-06-09,13g00
CB049,20260610_3,CBCT,JUNIOR,BALANCED,2,2026-06-10,13g00
CB049,20260611_3,CBCT,JUNIOR,BALANCED,2,2026-06-11,13g00
CB049,20260612_1,CBCT,JUNIOR,BALANCED,1,2026-06-12,07g00
CB050,20260529_1,CBCT,JUNIOR,BALANCED,2,2026-05-29,07g00
CB050,20260601_2,CBCT,JUNIOR,BALANCED,2,2026-06-01,09g30
CB050,20260603_1,CBCT,JUNIOR,BALANCED,2,2026-06-03,07g00
CB050,20260603_2,CBCT,JUNIOR,BALANCED,2,2026-06-03,09g30
CB050,20260605_3,CBCT,JUNIOR,BALANCED,1,2026-06-05,13g00
CB050,20260608_2,CBCT,JUNIOR,BALANCED,1,2026-06-08,09g30
CB050,20260608_3,CBCT,JUNIOR,BALANCED,1,2026-06-08,13g00
CB050,20260610_3,CBCT,JUNIOR,BALANCED,2,2026-06-10,13g00
CB050,20260612_1,CBCT,JUNIOR,BALANCED,1,2026-06-12,07g00
CB050,20260612_3,CBCT,JUNIOR,BALANCED,1,2026-06-12,13g00
CB050,20260612_4,CBCT,JUNIOR,BALANCED,1,2026-06-12,15g30
CB051,20260523_3,CBCT,JUNIOR,BALANCED,1,2026-05-23,13g00
CB051,20260525_2,CBCT,JUNIOR,BALANCED,2,2026-05-25,09g30
CB051,20260529_1,CBCT,JUNIOR,BALANCED,2,2026-05-29,07g00
CB051,20260601_2,CBCT,JUNIOR,BALANCED,2,2026-06-01,09g30
CB051,20260602_2,CBCT,JUNIOR,BALANCED,2,2026-06-02,09g30
CB051,20260602_3,CBCT,JUNIOR,BALANCED,2,2026-06-02,13g00
CB051,20260603_1,CBCT,JUNIOR,BALANCED,2,2026-06-03,07g00
CB051,20260605_3,CBCT,JUNIOR,BALANCED,1,2026-06-05,13g00
CB051,20260609_3,CBCT,JUNIOR,BALANCED,2,2026-06-09,13g00
CB051,20260611_3,CBCT,JUNIOR,BALANCED,2,2026-06-11,13g00
CB051,20260612_3,CBCT,JUNIOR,BALANCED,1,2026-06-12,13g00
CB052,20260529_5,CBCT,JUNIOR,BALANCED,1,2026-05-29,18g15
CB052,20260601_2,CBCT,JUNIOR,BALANCED,2,2026-06-01,09g30
CB052,20260602_2,CBCT,JUNIOR,BALANCED,2,2026-06-02,09g30
CB052,20260603_1,CBCT,JUNIOR,BALANCED,2,2026-06-03,07g00
CB052,20260603_2,CBCT,JUNIOR,BALANCED,2,2026-06-03,09g30
CB052,20260603_3,CBCT,JUNIOR,BALANCED,2,2026-06-03,13g00
CB052,20260608_2,CBCT,JUNIOR,BALANCED,1,2026-06-08,09g30
CB052,20260608_3,CBCT,JUNIOR,BALANCED,1,2026-06-08,13g00
CB052,20260609_2,CBCT,JUNIOR,BALANCED,2,2026-06-09,09g30
CB052,20260611_3,CBCT,JUNIOR,BALANCED,2,2026-06-11,13g00
CB052,20260612_3,CBCT,JUNIOR,BALANCED,1,2026-06-12,13g00
CB053,20260601_3,CBCT,MID,BALANCED,2,2026-06-01,13g00
CB053,20260603_3,CBCT,MID,BALANCED,2,2026-06-03,13g00
CB053,20260604_1,TK,MID,BALANCED,2,2026-06-04,07g00
CB053,20260604_2,TK,MID,BALANCED,2,2026-06-04,09g30
CB053,20260604_3,TK,MID,BALANCED,2,2026-06-04,13g00
CB053,20260609_3,CBCT,MID,BALANCED,2,2026-06-09,13g00
CB053,20260610_3,TK,MID,BALANCED,2,2026-06-10,13g00
CB053,20260612_1,CBCT,MID,BALANCED,1,2026-06-12,07g00
CB053,20260612_3,CBCT,MID,BALANCED,1,2026-06-12,13g00
CB053,20260612_4,CBCT,MID,BALANCED,1,2026-06-12,15g30
CB054,20260529_1,CBCT,JUNIOR,BALANCED,2,2026-05-29,07g00
CB054,20260602_3,CBCT,JUNIOR,BALANCED,2,2026-06-02,13g00
CB054,20260603_1,CBCT,JUNIOR,BALANCED,2,2026-06-03,07g00
CB054,20260603_2,CBCT,JUNIOR,BALANCED,2,2026-06-03,09g30
CB054,20260603_3,CBCT,JUNIOR,BALANCED,2,2026-06-03,13g00
CB054,20260603_4,CBCT,JUNIOR,BALANCED,2,2026-06-03,15g30
CB054,20260605_3,CBCT,JUNIOR,BALANCED,1,2026-06-05,13g00
CB054,20260609_2,CBCT,JUNIOR,BALANCED,2,2026-06-09,09g30
CB054,20260610_3,CBCT,JUNIOR,BALANCED,2,2026-06-10,13g00
CB054,20260612_1,CBCT,JUNIOR,BALANCED,1,2026-06-12,07g00
CB054,20260612_3,CBCT,JUNIOR,BALANCED,1,2026-06-12,13g00
CB055,20260529_1,CBCT,JUNIOR,BALANCED,2,2026-05-29,07g00
CB055,20260601_2,CBCT,JUNIOR,BALANCED,2,2026-06-01,09g30
CB055,20260601_3,CBCT,JUNIOR,BALANCED,2,2026-06-01,13g00
CB055,20260603_1,CBCT,JUNIOR,BALANCED,2,2026-06-03,07g00
CB055,20260605_3,CBCT,JUNIOR,BALANCED,1,2026-06-05,13g00
CB055,20260608_3,CBCT,JUNIOR,BALANCED,1,2026-06-08,13g00
CB055,20260610_3,CBCT,JUNIOR,BALANCED,2,2026-06-10,13g00
CB055,20260612_1,CBCT,JUNIOR,BALANCED,1,2026-06-12,07g00
CB055,20260612_2,CBCT,JUNIOR,BALANCED,1,2026-06-12,09g30
CB055,20260612_3,CBCT,JUNIOR,BALANCED,1,2026-06-12,13g00
CB055,20260612_4,CBCT,JUNIOR,BALANCED,1,2026-06-12,15g30
CB056,20260529_1,CBCT,MID,BALANCED,2,2026-05-29,07g00
CB056,20260601_2,TK,MID,BALANCED,2,2026-06-01,09g30
CB056,20260601_3,CBCT,MID,BALANCED,2,2026-06-01,13g00
CB056,20260603_1,CBCT,MID,BALANCED,2,2026-06-03,07g00
CB056,20260604_1,CBCT,MID,BALANCED,2,2026-06-04,07g00
CB056,20260608_4,CBCT,MID,BALANCED,1,2026-06-08,15g30
CB056,20260610_3,TK,MID,BALANCED,2,2026-06-10,13g00
CB056,20260612_1,CBCT,MID,BALANCED,1,2026-06-12,07g00
CB056,20260612_3,CBCT,MID,BALANCED,1,2026-06-12,13g00
CB056,20260612_4,CBCT,MID,BALANCED,1,2026-06-12,15g30
CB057,20260529_1,CBCT,JUNIOR,BALANCED,2,2026-05-29,07g00
CB057,20260601_3,CBCT,JUNIOR,BALANCED,2,2026-06-01,13g00
CB057,20260603_1,CBCT,JUNIOR,BALANCED,2,2026-06-03,07g00
CB057,20260603_2,CBCT,JUNIOR,BALANCED,2,2026-06-03,09g30
CB057,20260603_3,CBCT,JUNIOR,BALANCED,2,2026-06-03,13g00
CB057,20260605_3,CBCT,JUNIOR,BALANCED,1,2026-06-05,13g00
CB057,20260608_2,CBCT,JUNIOR,BALANCED,1,2026-06-08,09g30
CB057,20260608_3,CBCT,JUNIOR,BALANCED,1,2026-06-08,13g00
CB057,20260608_4,CBCT,JUNIOR,BALANCED,1,2026-06-08,15g30
CB057,20260610_3,CBCT,JUNIOR,BALANCED,2,2026-06-10,13g00
CB057,20260611_3,CBCT,JUNIOR,BALANCED,2,2026-06-11,13g00
CB058,20260529_1,CBCT,JUNIOR,BALANCED,2,2026-05-29,07g00
CB058,20260601_2,CBCT,JUNIOR,BALANCED,2,2026-06-01,09g30
CB058,20260601_3,CBCT,JUNIOR,BALANCED,2,2026-06-01,13g00
CB058,20260603_1,CBCT,JUNIOR,BALANCED,2,2026-06-03,07g00
CB058,20260603_2,CBCT,JUNIOR,BALANCED,2,2026-06-03,09g30
CB058,20260603_3,CBCT,JUNIOR,BALANCED,2,2026-06-03,13g00
CB058,20260608_2,CBCT,JUNIOR,BALANCED,1,2026-06-08,09g30
CB058,20260608_3,CBCT,JUNIOR,BALANCED,1,2026-06-08,13g00
CB058,20260608_4,CBCT,JUNIOR,BALANCED,1,2026-06-08,15g30
CB058,20260610_3,CBCT,JUNIOR,BALANCED,2,2026-06-10,13g00
CB058,20260612_3,CBCT,JUNIOR,BALANCED,1,2026-06-12,13g00
CB059,20260525_2,CBCT,JUNIOR,BALANCED,2,2026-05-25,09g30
CB059,20260529_1,CBCT,JUNIOR,BALANCED,2,2026-05-29,07g00
CB059,20260601_2,CBCT,JUNIOR,BALANCED,2,2026-06-01,09g30
CB059,20260603_1,CBCT,JUNIOR,BALANCED,2,2026-06-03,07g00
CB059,20260603_2,CBCT,JUNIOR,BALANCED,2,2026-06-03,09g30
CB059,20260605_3,CBCT,JUNIOR,BALANCED,1,2026-06-05,13g00
CB059,20260608_3,CBCT,JUNIOR,BALANCED,1,2026-06-08,13g00
CB059,20260608_4,CBCT,JUNIOR,BALANCED,1,2026-06-08,15g30
CB059,20260610_3,CBCT,JUNIOR,BALANCED,2,2026-06-10,13g00
CB059,20260612_1,CBCT,JUNIOR,BALANCED,1,2026-06-12,07g00
CB059,20260612_3,CBCT,JUNIOR,BALANCED,1,2026-06-12,13g00
CB060,20260529_1,CBCT,JUNIOR,BALANCED,2,2026-05-29,07g00
CB060,20260601_2,CBCT,JUNIOR,BALANCED,2,2026-06-01,09g30
CB060,20260601_3,CBCT,JUNIOR,BALANCED,2,2026-06-01,13g00
CB060,20260603_1,CBCT,JUNIOR,BALANCED,2,2026-06-03,07g00
CB060,20260603_2,CBCT,JUNIOR,BALANCED,2,2026-06-03,09g30
CB060,20260604_2,CBCT,JUNIOR,BALANCED,2,2026-06-04,09g30
CB060,20260605_3,CBCT,JUNIOR,BALANCED,1,2026-06-05,13g00
CB060,20260610_3,CBCT,JUNIOR,BALANCED,2,2026-06-10,13g00
CB060,20260612_1,CBCT,JUNIOR,BALANCED,1,2026-06-12,07g00
CB060,20260612_3,CBCT,JUNIOR,BALANCED,1,2026-06-12,13g00
CB060,20260612_4,CBCT,JUNIOR,BALANCED,1,2026-06-12,15g30
CB061,20260525_2,CBCT,JUNIOR,BALANCED,2,2026-05-25,09g30
CB061,20260529_1,CBCT,JUNIOR,BALANCED,2,2026-05-29,07g00
CB061,20260601_2,CBCT,JUNIOR,BALANCED,2,2026-06-01,09g30
CB061,20260601_3,CBCT,JUNIOR,BALANCED,2,2026-06-01,13g00
CB061,20260603_1,CBCT,JUNIOR,BALANCED,2,2026-06-03,07g00
CB061,20260605_2,CBCT,JUNIOR,BALANCED,1,2026-06-05,09g30
CB061,20260605_3,CBCT,JUNIOR,BALANCED,1,2026-06-05,13g00
CB061,20260605_4,CBCT,JUNIOR,BALANCED,1,2026-06-05,15g30
CB061,20260608_2,CBCT,JUNIOR,BALANCED,1,2026-06-08,09g30
CB061,20260610_3,CBCT,JUNIOR,BALANCED,2,2026-06-10,13g00
CB061,20260612_4,CBCT,JUNIOR,BALANCED,1,2026-06-12,15g30
CB062,20260525_2,CBCT,MID,NEAR_CS2,2,2026-05-25,09g30
CB062,20260529_1,CBCT,MID,NEAR_CS2,2,2026-05-29,07g00
CB062,20260601_2,CBCT,MID,NEAR_CS2,2,2026-06-01,09g30
CB062,20260601_3,CBCT,MID,NEAR_CS2,2,2026-06-01,13g00
CB062,20260603_1,CBCT,MID,NEAR_CS2,2,2026-06-03,07g00
CB062,20260603_2,CBCT,MID,NEAR_CS2,2,2026-06-03,09g30
CB062,20260603_3,CBCT,MID,NEAR_CS2,2,2026-06-03,13g00
CB062,20260604_1,CBCT,MID,NEAR_CS2,2,2026-06-04,07g00
CB062,20260604_2,TK,MID,NEAR_CS2,2,2026-06-04,09g30
CB062,20260610_3,CBCT,MID,NEAR_CS2,2,2026-06-10,13g00
CB062,20260611_3,CBCT,MID,NEAR_CS2,2,2026-06-11,13g00
CB062,20260613_4,CBCT,MID,NEAR_CS2,2,2026-06-13,15g30
CB063,20260529_1,CBCT,MID,NEAR_CS2,2,2026-05-29,07g00
CB063,20260602_3,CBCT,MID,NEAR_CS2,2,2026-06-02,13g00
CB063,20260603_1,TK,MID,NEAR_CS2,2,2026-06-03,07g00
CB063,20260603_2,CBCT,MID,NEAR_CS2,2,2026-06-03,09g30
CB063,20260603_4,CBCT,MID,NEAR_CS2,2,2026-06-03,15g30
CB063,20260608_1,CBCT,MID,NEAR_CS2,2,2026-06-08,07g00
CB063,20260610_1,CBCT,MID,NEAR_CS2,2,2026-06-10,07g00
CB063,20260610_2,CBCT,MID,NEAR_CS2,2,2026-06-10,09g30
CB063,20260610_3,CBCT,MID,NEAR_CS2,2,2026-06-10,13g00
CB063,20260610_4,CBCT,MID,NEAR_CS2,2,2026-06-10,15g30
CB063,20260611_1,CBCT,MID,NEAR_CS2,2,2026-06-11,07g00
CB063,20260613_4,CBCT,MID,NEAR_CS2,2,2026-06-13,15g30
CB064,20260521_5,CBCT,JUNIOR,NEAR_CS1,1,2026-05-21,18g15
CB064,20260527_5,CBCT,JUNIOR,NEAR_CS1,1,2026-05-27,18g15
CB064,20260529_5,CBCT,JUNIOR,NEAR_CS1,1,2026-05-29,18g15
CB064,20260605_2,CBCT,JUNIOR,NEAR_CS1,1,2026-06-05,09g30
CB064,20260605_3,CBCT,JUNIOR,NEAR_CS1,1,2026-06-05,13g00
CB064,20260605_4,CBCT,JUNIOR,NEAR_CS1,1,2026-06-05,15g30
CB064,20260608_3,CBCT,JUNIOR,NEAR_CS1,1,2026-06-08,13g00
CB064,20260612_1,CBCT,JUNIOR,NEAR_CS1,1,2026-06-12,07g00
CB064,20260612_2,CBCT,JUNIOR,NEAR_CS1,1,2026-06-12,09g30
CB064,20260612_4,CBCT,JUNIOR,NEAR_CS1,1,2026-06-12,15g30
CB064,20260613_1,CBCT,JUNIOR,NEAR_CS1,1,2026-06-13,07g00
CB065,20260530_2,CBCT,MID,BALANCED,1,2026-05-30,09g30
CB065,20260601_2,CBCT,MID,BALANCED,2,2026-06-01,09g30
CB065,20260601_3,CBCT,MID,BALANCED,2,2026-06-01,13g00
CB065,20260603_2,TK,MID,BALANCED,2,2026-06-03,09g30
CB065,20260605_3,CBCT,MID,BALANCED,1,2026-06-05,13g00
CB065,20260609_3,CBCT,MID,BALANCED,2,2026-06-09,13g00
CB065,20260610_3,TK,MID,BALANCED,2,2026-06-10,13g00
CB065,20260612_1,CBCT,MID,BALANCED,1,2026-06-12,07g00
CB065,20260612_2,CBCT,MID,BALANCED,1,2026-06-12,09g30
CB065,20260612_3,CBCT,MID,BALANCED,1,2026-06-12,13g00
CB066,20260522_5,CBCT,JUNIOR,NEAR_CS1,1,2026-05-22,18g15
CB066,20260530_2,CBCT,JUNIOR,NEAR_CS1,1,2026-05-30,09g30
CB066,20260530_3,CBCT,JUNIOR,NEAR_CS1,1,2026-05-30,13g00
CB066,20260531_2,CBCT,JUNIOR,NEAR_CS1,1,2026-05-31,09g30
CB066,20260531_3,CBCT,JUNIOR,NEAR_CS1,1,2026-05-31,13g00
CB066,20260602_5,CBCT,JUNIOR,NEAR_CS1,1,2026-06-02,18g15
CB066,20260605_3,CBCT,JUNIOR,NEAR_CS1,1,2026-06-05,13g00
CB066,20260608_3,CBCT,JUNIOR,NEAR_CS1,1,2026-06-08,13g00
CB066,20260608_4,CBCT,JUNIOR,NEAR_CS1,1,2026-06-08,15g30
CB066,20260612_2,CBCT,JUNIOR,NEAR_CS1,1,2026-06-12,09g30
CB066,20260613_1,CBCT,JUNIOR,NEAR_CS1,1,2026-06-13,07g00
CB067,20260601_2,CBCT,JUNIOR,BALANCED,2,2026-06-01,09g30
CB067,20260601_3,CBCT,JUNIOR,BALANCED,2,2026-06-01,13g00
CB067,20260602_3,CBCT,JUNIOR,BALANCED,2,2026-06-02,13g00
CB067,20260603_2,CBCT,JUNIOR,BALANCED,2,2026-06-03,09g30
CB067,20260605_3,CBCT,JUNIOR,BALANCED,1,2026-06-05,13g00
CB067,20260608_3,CBCT,JUNIOR,BALANCED,1,2026-06-08,13g00
CB067,20260609_3,CBCT,JUNIOR,BALANCED,2,2026-06-09,13g00
CB067,20260611_3,CBCT,JUNIOR,BALANCED,2,2026-06-11,13g00
CB067,20260612_1,CBCT,JUNIOR,BALANCED,1,2026-06-12,07g00
CB067,20260612_3,CBCT,JUNIOR,BALANCED,1,2026-06-12,13g00
CB067,20260612_4,CBCT,JUNIOR,BALANCED,1,2026-06-12,15g30
CB068,20260528_5,CBCT,MID,BALANCED,1,2026-05-28,18g15
CB068,20260601_2,CBCT,MID,BALANCED,2,2026-06-01,09g30
CB068,20260601_3,CBCT,MID,BALANCED,2,2026-06-01,13g00
CB068,20260602_2,CBCT,MID,BALANCED,2,2026-06-02,09g30
CB068,20260602_3,TK,MID,BALANCED,2,2026-06-02,13g00
CB068,20260605_3,CBCT,MID,BALANCED,1,2026-06-05,13g00
CB068,20260608_2,CBCT,MID,BALANCED,1,2026-06-08,09g30
CB068,20260608_3,CBCT,MID,BALANCED,1,2026-06-08,13g00
CB068,20260611_3,TK,MID,BALANCED,2,2026-06-11,13g00
CB068,20260612_1,CBCT,MID,BALANCED,1,2026-06-12,07g00
CB069,20260519_5,CBCT,JUNIOR,BALANCED,1,2026-05-19,18g15
CB069,20260530_3,CBCT,JUNIOR,BALANCED,1,2026-05-30,13g00
CB069,20260602_2,CBCT,JUNIOR,BALANCED,2,2026-06-02,09g30
CB069,20260602_3,CBCT,JUNIOR,BALANCED,2,2026-06-02,13g00
CB069,20260602_4,CBCT,JUNIOR,BALANCED,2,2026-06-02,15g30
CB069,20260603_1,CBCT,JUNIOR,BALANCED,2,2026-06-03,07g00
CB069,20260605_3,CBCT,JUNIOR,BALANCED,1,2026-06-05,13g00
CB069,20260608_2,CBCT,JUNIOR,BALANCED,1,2026-06-08,09g30
CB069,20260608_3,CBCT,JUNIOR,BALANCED,1,2026-06-08,13g00
CB069,20260611_3,CBCT,JUNIOR,BALANCED,2,2026-06-11,13g00
CB069,20260612_2,CBCT,JUNIOR,BALANCED,1,2026-06-12,09g30
CB070,20260529_1,CBCT,JUNIOR,BALANCED,2,2026-05-29,07g00
CB070,20260602_2,CBCT,JUNIOR,BALANCED,2,2026-06-02,09g30
CB070,20260602_3,CBCT,JUNIOR,BALANCED,2,2026-06-02,13g00
CB070,20260602_4,CBCT,JUNIOR,BALANCED,2,2026-06-02,15g30
CB070,20260603_2,CBCT,JUNIOR,BALANCED,2,2026-06-03,09g30
CB070,20260603_3,CBCT,JUNIOR,BALANCED,2,2026-06-03,13g00
CB070,20260603_4,CBCT,JUNIOR,BALANCED,2,2026-06-03,15g30
CB070,20260608_2,CBCT,JUNIOR,BALANCED,1,2026-06-08,09g30
CB070,20260609_2,CBCT,JUNIOR,BALANCED,2,2026-06-09,09g30
CB070,20260612_1,CBCT,JUNIOR,BALANCED,1,2026-06-12,07g00
CB070,20260613_2,CBCT,JUNIOR,BALANCED,2,2026-06-13,09g30
CB071,20260602_2,CBCT,JUNIOR,BALANCED,2,2026-06-02,09g30
CB071,20260602_3,CBCT,JUNIOR,BALANCED,2,2026-06-02,13g00
CB071,20260603_1,CBCT,JUNIOR,BALANCED,2,2026-06-03,07g00
CB071,20260603_2,CBCT,JUNIOR,BALANCED,2,2026-06-03,09g30
CB071,20260603_3,CBCT,JUNIOR,BALANCED,2,2026-06-03,13g00
CB071,20260605_3,CBCT,JUNIOR,BALANCED,1,2026-06-05,13g00
CB071,20260608_2,CBCT,JUNIOR,BALANCED,1,2026-06-08,09g30
CB071,20260608_3,CBCT,JUNIOR,BALANCED,1,2026-06-08,13g00
CB071,20260609_2,CBCT,JUNIOR,BALANCED,2,2026-06-09,09g30
CB071,20260611_3,CBCT,JUNIOR,BALANCED,2,2026-06-11,13g00
CB071,20260612_1,CBCT,JUNIOR,BALANCED,1,2026-06-12,07g00
CB072,20260531_3,CBCT,JUNIOR,BALANCED,1,2026-05-31,13g00
CB072,20260601_3,CBCT,JUNIOR,BALANCED,2,2026-06-01,13g00
CB072,20260603_3,CBCT,JUNIOR,BALANCED,2,2026-06-03,13g00
CB072,20260608_2,CBCT,JUNIOR,BALANCED,1,2026-06-08,09g30
CB072,20260608_3,CBCT,JUNIOR,BALANCED,1,2026-06-08,13g00
CB072,20260609_2,CBCT,JUNIOR,BALANCED,2,2026-06-09,09g30
CB072,20260610_3,CBCT,JUNIOR,BALANCED,2,2026-06-10,13g00
CB072,20260612_1,CBCT,JUNIOR,BALANCED,1,2026-06-12,07g00
CB072,20260612_3,CBCT,JUNIOR,BALANCED,1,2026-06-12,13g00
CB072,20260612_4,CBCT,JUNIOR,BALANCED,1,2026-06-12,15g30
CB072,20260613_2,CBCT,JUNIOR,BALANCED,2,2026-06-13,09g30
CB073,20260525_2,CBCT,JUNIOR,NEAR_CS2,2,2026-05-25,09g30
CB073,20260529_1,CBCT,JUNIOR,NEAR_CS2,2,2026-05-29,07g00
CB073,20260601_2,CBCT,JUNIOR,NEAR_CS2,2,2026-06-01,09g30
CB073,20260603_3,CBCT,JUNIOR,NEAR_CS2,2,2026-06-03,13g00
CB073,20260604_1,CBCT,JUNIOR,NEAR_CS2,2,2026-06-04,07g00
CB073,20260604_2,CBCT,JUNIOR,NEAR_CS2,2,2026-06-04,09g30
CB073,20260609_3,CBCT,JUNIOR,NEAR_CS2,2,2026-06-09,13g00
CB073,20260610_3,CBCT,JUNIOR,NEAR_CS2,2,2026-06-10,13g00
CB073,20260613_2,CBCT,JUNIOR,NEAR_CS2,2,2026-06-13,09g30
CB073,20260613_3,CBCT,JUNIOR,NEAR_CS2,2,2026-06-13,13g00
CB073,20260613_4,CBCT,JUNIOR,NEAR_CS2,2,2026-06-13,15g30
